{"cameraMode":{"drawMode":0,"name":"Shaded","section":"Shading Mode"},"sceneLighting":true,"audioPlay":false,"sceneViewState":{"m_AlwaysRefresh":false,"showFog":true,"showSkybox":true,"showFlares":true,"showImageEffects":true,"showParticleSystems":true,"showVisualEffectGraphs":true,"m_FxEnabled":true},"in2DMode":false,"pivot":{"x":2.0319743156433107,"y":5.1090312004089359,"z":0.12629318237304688},"rotation":{"x":-0.3522374629974365,"y":0.291684627532959,"z":-0.11653539538383484,"w":-0.8816372752189636},"size":21.11258888244629,"orthographic":true}