{"cameraMode":{"drawMode":0,"name":"Shaded","section":"Shading Mode"},"sceneLighting":true,"audioPlay":false,"sceneViewState":{"m_AlwaysRefresh":false,"showFog":true,"showSkybox":true,"showFlares":true,"showImageEffects":true,"showParticleSystems":true,"showVisualEffectGraphs":true,"m_FxEnabled":true},"in2DMode":false,"pivot":{"x":8.547628402709961,"y":-38.12537384033203,"z":45.595829010009769},"rotation":{"x":-0.47188976407051089,"y":-0.08745334297418595,"z":0.047158703207969668,"w":-0.8760465979576111},"size":57.63978576660156,"orthographic":false}